{"cameraMode":{"drawMode":0,"name":"Shaded","section":"Shading Mode"},"sceneLighting":false,"audioPlay":false,"sceneViewState":{"m_AlwaysRefresh":false,"showFog":true,"showSkybox":false,"showFlares":true,"showImageEffects":true,"showParticleSystems":true,"showVisualEffectGraphs":true,"m_FxEnabled":true},"in2DMode":false,"pivot":{"x":628.6553955078125,"y":387.9033203125,"z":3.026763916015625},"rotation":{"x":-0.013499884866178036,"y":-0.005999008193612099,"z":-0.00008257899025920779,"w":0.9999002814292908},"size":99.24891662597656,"orthographic":false}