{"cameraMode":{"drawMode":0,"name":"Shaded","section":"Shading Mode"},"sceneLighting":false,"audioPlay":false,"sceneViewState":{"m_AlwaysRefresh":false,"showFog":true,"showSkybox":false,"showFlares":true,"showImageEffects":true,"showParticleSystems":true,"showVisualEffectGraphs":true,"m_FxEnabled":true},"in2DMode":false,"pivot":{"x":88.71095275878906,"y":295.7694396972656,"z":-101.58149719238281},"rotation":{"x":-0.3452112078666687,"y":0.013521187007427216,"z":-0.004977077711373568,"w":-0.9384207129478455},"size":521.2290649414063,"orthographic":true}